hash,authorAccount,author,target,creationTime,expiryTime
480f11,1,1,https://i.redditmedia.com/5XHJoXyev6e_Az9pGhjwk_CNJjz884ppY9_1tFToZKI.jpg?s=3bee313efd011e42aa71de0a22dc46fd,1526770031000,
74c5b8,1,1,https://github.com/discordjs/discord.js/blob/9eac19d9d8bfb81dc0079e3bff073a20b9c9768f/src/client/websocket/packets/handlers/Ready.js,1526770887026,
172024,1,1,https://osu.ppy.sh/users/9177616,1527210819009,
fe879c,1,1,https://i.redditmedia.com/7jHGZw96Ms1uqZoxtJ7EZgqSZW6zG7UAVlEMQ7bt390.png?s=333910b5c5e074bc2ee0b7696055dfff,1528593886165,
ce7e97,1,1,https://i.redditmedia.com/VtN0YHqm1ys5PCiEfaDG1zCG6YT20TtZgGQGXdXhfmA.jpg?s=41fdf7d4af502fa734c10fd4e5ad2c94,1528594250594,
c7431e,1,1,https://g.redditmedia.com/cshcTIOvpUNBtDiqVVK0dGV9m-5Bc8wi0IaMWYWTvPY.gif?fm=mp4&mp4-fragmented=false&s=eeb4db48c64bb4b4811f64ab6d02ba24,1528685013354,
493284,1,1,https://i.redditmedia.com/8jfqElutbyXO_kbjlNcAiDKL_jZERSHSCYp9nBetn5g.png?s=45a0c790d526865e8ab1a589082ea0ed,1528692993947,
2ce383,1,1,https://i.redditmedia.com/yVmR9PwpNhPPZ6V0aowtKu7hBfWZPKDwKvKakKZLeBA.png?s=aba676dd964debbee5830921b6493b53,1528766564005,
adfaf0,1,1,https://i.redditmedia.com/QcwDJTAPYaGEeohmD4H5xaz9gkLrL-cDE1BGB1BlrOI.png?s=71237a472141fbe51e5b43a0af506c40,1529030768392,
2b2fbb,1,1,https://i.redditmedia.com/MkQ_toTuVWt5gF1A4aby3tyGvXjl-TGZvr86NbdESNI.jpg?s=de358ffd0dfee247d014e55343bee4ed,1529304685187,
1bb9f8,0,demo,https://shodanbot.com/demo,1529358824677,
